Category,Item,Veg/Non-Veg/Egg,Price (INR),Description,Photo Status,Item Picture,Photo Source / Link,Photo Match Note
Drinks / Beverages,Local Fresh Juice,Veg,₹180,Fresh local fruit juice.,Photo not found,,https://magicpin.in/Hyderabad/Jubilee-Hills/Restaurant/Autumn-Leaf-Cafe/store/871b6/photos,"No individually identifiable, reliably matched public photo found for this exact menu item."
Drinks / Beverages,Lemonade,Veg,₹120,Refreshing lemonade.,Photo not found,,https://magicpin.in/Hyderabad/Jubilee-Hills/Restaurant/Autumn-Leaf-Cafe/store/871b6/photos,"No individually identifiable, reliably matched public photo found for this exact menu item."
Drinks / Beverages,Bubble Gum Mojito,Veg,₹230,Bubble-gum flavored mojito.,Photo not found,,https://magicpin.in/Hyderabad/Jubilee-Hills/Restaurant/Autumn-Leaf-Cafe/store/871b6/photos,"No individually identifiable, reliably matched public photo found for this exact menu item."
Drinks / Beverages,Watermelon Mojito,Veg,₹230,Watermelon-based mojito.,Photo not found,,https://magicpin.in/Hyderabad/Jubilee-Hills/Restaurant/Autumn-Leaf-Cafe/store/871b6/photos,"No individually identifiable, reliably matched public photo found for this exact menu item."
Desserts,Blueberry Cheesecake,Veg,₹340,Cheesecake with blueberry flavor/topping.,Photo not found,,https://magicpin.in/Hyderabad/Jubilee-Hills/Restaurant/Autumn-Leaf-Cafe/store/871b6/photos,"No individually identifiable, reliably matched public photo found for this exact menu item."
Desserts,Strawberry Cheesecake,Veg,₹340,Cheesecake with strawberry flavor/topping.,Photo not found,,https://magicpin.in/Hyderabad/Jubilee-Hills/Restaurant/Autumn-Leaf-Cafe/store/871b6/photos,"No individually identifiable, reliably matched public photo found for this exact menu item."
Desserts,Caramel Cheese Cake,Veg,₹340,Cheesecake with caramel.,Photo not found,,https://magicpin.in/Hyderabad/Jubilee-Hills/Restaurant/Autumn-Leaf-Cafe/store/871b6/photos,"No individually identifiable, reliably matched public photo found for this exact menu item."
Desserts,Dark Chocolate Mousse,Veg,₹230,Dark chocolate mousse.,Photo not found,,https://magicpin.in/Hyderabad/Jubilee-Hills/Restaurant/Autumn-Leaf-Cafe/store/871b6/photos,"No individually identifiable, reliably matched public photo found for this exact menu item."
Desserts,Milk Chocolate Mousse,Veg,₹300,Milk chocolate mousse.,Photo not found,,https://magicpin.in/Hyderabad/Jubilee-Hills/Restaurant/Autumn-Leaf-Cafe/store/871b6/photos,"No individually identifiable, reliably matched public photo found for this exact menu item."
Desserts,Tiramisu,Egg,₹320,Classic tiramisu.,Photo not found,,https://magicpin.in/Hyderabad/Jubilee-Hills/Restaurant/Autumn-Leaf-Cafe/store/871b6/photos,"No individually identifiable, reliably matched public photo found for this exact menu item."
Salads,Classic Caesar Salad,Veg,₹400,Classic Caesar-style salad.,Photo not found,,https://magicpin.in/Hyderabad/Jubilee-Hills/Restaurant/Autumn-Leaf-Cafe/store/871b6/photos,"No individually identifiable, reliably matched public photo found for this exact menu item."
Salads,Quinoa Salad,Veg,₹400,Quinoa-based salad.,Photo not found,,https://magicpin.in/Hyderabad/Jubilee-Hills/Restaurant/Autumn-Leaf-Cafe/store/871b6/photos,"No individually identifiable, reliably matched public photo found for this exact menu item."
Salads,Tex-Mex Salad,Veg,₹370,Tex-Mex inspired salad.,Photo not found,,https://magicpin.in/Hyderabad/Jubilee-Hills/Restaurant/Autumn-Leaf-Cafe/store/871b6/photos,"No individually identifiable, reliably matched public photo found for this exact menu item."
Rice Bowls,Butter Chicken Rice Bowl,Non-Veg,₹610,Butter chicken served with rice.,Photo not found,,https://magicpin.in/Hyderabad/Jubilee-Hills/Restaurant/Autumn-Leaf-Cafe/store/871b6/photos,"No individually identifiable, reliably matched public photo found for this exact menu item."
Rice Bowls,Korean Katsu Rice Bowl,Non-Veg,₹610,Korean-style katsu with rice.,Photo not found,,https://magicpin.in/Hyderabad/Jubilee-Hills/Restaurant/Autumn-Leaf-Cafe/store/871b6/photos,"No individually identifiable, reliably matched public photo found for this exact menu item."
Rice Bowls,Lamb Meat Rice Bowl,Non-Veg,₹780,Lamb meat served with rice.,Photo not found,,https://magicpin.in/Hyderabad/Jubilee-Hills/Restaurant/Autumn-Leaf-Cafe/store/871b6/photos,"No individually identifiable, reliably matched public photo found for this exact menu item."
Rice Bowls,Paneer Butter Masala Rice,Veg,₹570,Paneer butter masala with rice.,Photo not found,,https://magicpin.in/Hyderabad/Jubilee-Hills/Restaurant/Autumn-Leaf-Cafe/store/871b6/photos,"No individually identifiable, reliably matched public photo found for this exact menu item."
Rice Bowls,Thai Curry Non-Veg,Non-Veg,₹610,Thai curry with non-vegetarian protein and rice.,Photo not found,,https://magicpin.in/Hyderabad/Jubilee-Hills/Restaurant/Autumn-Leaf-Cafe/store/871b6/photos,"No individually identifiable, reliably matched public photo found for this exact menu item."
Rice Bowls,Thai Curry Veg,Veg,₹550,Vegetarian Thai curry with rice.,Photo not found,,https://magicpin.in/Hyderabad/Jubilee-Hills/Restaurant/Autumn-Leaf-Cafe/store/871b6/photos,"No individually identifiable, reliably matched public photo found for this exact menu item."
Hot Coffees,Affogato,Veg,₹230,Espresso served with ice cream.,Photo not found,,https://magicpin.in/Hyderabad/Jubilee-Hills/Restaurant/Autumn-Leaf-Cafe/store/871b6/photos,"No individually identifiable, reliably matched public photo found for this exact menu item."
Hot Coffees,Hot Chocolate,Veg,₹250,Hot chocolate.,Photo not found,,https://magicpin.in/Hyderabad/Jubilee-Hills/Restaurant/Autumn-Leaf-Cafe/store/871b6/photos,"No individually identifiable, reliably matched public photo found for this exact menu item."
Hot Coffees,Espresso,Veg,₹160,Espresso coffee.,Photo not found,,https://magicpin.in/Hyderabad/Jubilee-Hills/Restaurant/Autumn-Leaf-Cafe/store/871b6/photos,"No individually identifiable, reliably matched public photo found for this exact menu item."
Hot Coffees,Doppio,Veg,₹210,Double espresso.,Photo not found,,https://magicpin.in/Hyderabad/Jubilee-Hills/Restaurant/Autumn-Leaf-Cafe/store/871b6/photos,"No individually identifiable, reliably matched public photo found for this exact menu item."
Hot Coffees,Americano,Veg,₹210,Espresso with hot water.,Photo not found,,https://magicpin.in/Hyderabad/Jubilee-Hills/Restaurant/Autumn-Leaf-Cafe/store/871b6/photos,"No individually identifiable, reliably matched public photo found for this exact menu item."
Hot Coffees,Latte,Veg,₹230,Espresso with steamed milk.,Photo not found,,https://magicpin.in/Hyderabad/Jubilee-Hills/Restaurant/Autumn-Leaf-Cafe/store/871b6/photos,"No individually identifiable, reliably matched public photo found for this exact menu item."
Hot Coffees,Cappuccino,Veg,₹220,Espresso with steamed milk and foam.,Photo not found,,https://magicpin.in/Hyderabad/Jubilee-Hills/Restaurant/Autumn-Leaf-Cafe/store/871b6/photos,"No individually identifiable, reliably matched public photo found for this exact menu item."
Hot Coffees,Mocha,Veg,₹270,Chocolate-flavored espresso drink.,Photo not found,,https://magicpin.in/Hyderabad/Jubilee-Hills/Restaurant/Autumn-Leaf-Cafe/store/871b6/photos,"No individually identifiable, reliably matched public photo found for this exact menu item."
Hot Coffees,Flat White,Veg,₹210,Espresso with steamed milk.,Photo not found,,https://magicpin.in/Hyderabad/Jubilee-Hills/Restaurant/Autumn-Leaf-Cafe/store/871b6/photos,"No individually identifiable, reliably matched public photo found for this exact menu item."
Big Plates,Grilled Cottage Cheese Steak,Veg,₹570,Grilled cottage cheese prepared as a steak.,Photo not found,,https://magicpin.in/Hyderabad/Jubilee-Hills/Restaurant/Autumn-Leaf-Cafe/store/871b6/photos,"No individually identifiable, reliably matched public photo found for this exact menu item."
Big Plates,Seafood Casserole,Non-Veg,₹680,Mixed seafood casserole.,Photo not found,,https://magicpin.in/Hyderabad/Jubilee-Hills/Restaurant/Autumn-Leaf-Cafe/store/871b6/photos,"No individually identifiable, reliably matched public photo found for this exact menu item."
Big Plates,Sunday Roast Chicken,Non-Veg,₹610,Roast chicken.,Photo not found,,https://magicpin.in/Hyderabad/Jubilee-Hills/Restaurant/Autumn-Leaf-Cafe/store/871b6/photos,"No individually identifiable, reliably matched public photo found for this exact menu item."
Big Plates,Creamy Chicken Picatta,Non-Veg,₹590,Chicken piccata with creamy sauce.,Photo not found,,https://magicpin.in/Hyderabad/Jubilee-Hills/Restaurant/Autumn-Leaf-Cafe/store/871b6/photos,"No individually identifiable, reliably matched public photo found for this exact menu item."
Big Plates,Nasi Goreng Chicken,Non-Veg,₹530,Indonesian-style fried rice with chicken.,Photo not found,,https://magicpin.in/Hyderabad/Jubilee-Hills/Restaurant/Autumn-Leaf-Cafe/store/871b6/photos,"No individually identifiable, reliably matched public photo found for this exact menu item."
Small Plates,French Fries,Veg,₹220,Crispy French fries.,Photo not found,,https://magicpin.in/Hyderabad/Jubilee-Hills/Restaurant/Autumn-Leaf-Cafe/store/871b6/photos,"No individually identifiable, reliably matched public photo found for this exact menu item."
Small Plates,Chicken Wings,Non-Veg,₹420,Chicken wings.,Photo not found,,https://magicpin.in/Hyderabad/Jubilee-Hills/Restaurant/Autumn-Leaf-Cafe/store/871b6/photos,"No individually identifiable, reliably matched public photo found for this exact menu item."
Small Plates,Cheese Poppers,Veg,₹420,Crispy cheese poppers.,Photo not found,,https://magicpin.in/Hyderabad/Jubilee-Hills/Restaurant/Autumn-Leaf-Cafe/store/871b6/photos,"No individually identifiable, reliably matched public photo found for this exact menu item."
Small Plates,Chipotle Chicken Skewers,Non-Veg,₹490,Chicken skewers with chipotle seasoning.,Photo not found,,https://magicpin.in/Hyderabad/Jubilee-Hills/Restaurant/Autumn-Leaf-Cafe/store/871b6/photos,"No individually identifiable, reliably matched public photo found for this exact menu item."
Small Plates,Fish & Chips,Non-Veg,₹470,Fried fish with chips.,Photo not found,,https://magicpin.in/Hyderabad/Jubilee-Hills/Restaurant/Autumn-Leaf-Cafe/store/871b6/photos,"No individually identifiable, reliably matched public photo found for this exact menu item."
Small Plates,Mediterranean Prawns,Non-Veg,₹550,Mediterranean-style prawns.,Photo not found,,https://magicpin.in/Hyderabad/Jubilee-Hills/Restaurant/Autumn-Leaf-Cafe/store/871b6/photos,"No individually identifiable, reliably matched public photo found for this exact menu item."
Small Plates,Mexican Nacho's Bowl,Veg,₹400,Mexican-style nacho bowl.,Photo not found,,https://magicpin.in/Hyderabad/Jubilee-Hills/Restaurant/Autumn-Leaf-Cafe/store/871b6/photos,"No individually identifiable, reliably matched public photo found for this exact menu item."
Small Plates,Overload Fries,Veg,₹400,Loaded/overloaded fries.,Photo not found,,https://magicpin.in/Hyderabad/Jubilee-Hills/Restaurant/Autumn-Leaf-Cafe/store/871b6/photos,"No individually identifiable, reliably matched public photo found for this exact menu item."
Small Plates,Moroccan Fish Kabab,Non-Veg,₹510,Moroccan-style fish kebab.,Photo not found,,https://magicpin.in/Hyderabad/Jubilee-Hills/Restaurant/Autumn-Leaf-Cafe/store/871b6/photos,"No individually identifiable, reliably matched public photo found for this exact menu item."
Small Plates,Avocado Toast,Veg,₹490,Toast topped with avocado.,Photo not found,,https://magicpin.in/Hyderabad/Jubilee-Hills/Restaurant/Autumn-Leaf-Cafe/store/871b6/photos,"No individually identifiable, reliably matched public photo found for this exact menu item."
Small Plates,Dynamite Prawn,Non-Veg,₹510,Prawns with dynamite-style sauce.,Photo not found,,https://magicpin.in/Hyderabad/Jubilee-Hills/Restaurant/Autumn-Leaf-Cafe/store/871b6/photos,"No individually identifiable, reliably matched public photo found for this exact menu item."
Small Plates,Meaty Canape Platter,Non-Veg,₹430,Assorted meat canapes.,Photo not found,,https://magicpin.in/Hyderabad/Jubilee-Hills/Restaurant/Autumn-Leaf-Cafe/store/871b6/photos,"No individually identifiable, reliably matched public photo found for this exact menu item."
Small Plates,Turkish Smoked Lamb Kebab,Non-Veg,₹570,Smoked lamb kebab.,Photo not found,,https://magicpin.in/Hyderabad/Jubilee-Hills/Restaurant/Autumn-Leaf-Cafe/store/871b6/photos,"No individually identifiable, reliably matched public photo found for this exact menu item."
Small Plates,Veg Canape Platter,Veg,₹380,Assorted vegetarian canapes.,Photo not found,,https://magicpin.in/Hyderabad/Jubilee-Hills/Restaurant/Autumn-Leaf-Cafe/store/871b6/photos,"No individually identifiable, reliably matched public photo found for this exact menu item."
Small Plates,Wild Mushroom Toast,Veg,₹400,Toast with wild mushrooms.,Photo not found,,https://magicpin.in/Hyderabad/Jubilee-Hills/Restaurant/Autumn-Leaf-Cafe/store/871b6/photos,"No individually identifiable, reliably matched public photo found for this exact menu item."
Small Plates,Afghani Chicken,Non-Veg,₹470,Afghani-style chicken.,Photo not found,,https://magicpin.in/Hyderabad/Jubilee-Hills/Restaurant/Autumn-Leaf-Cafe/store/871b6/photos,"No individually identifiable, reliably matched public photo found for this exact menu item."
Small Plates,Chicken Kung Pao,Non-Veg,₹460,Kung Pao chicken.,Photo not found,,https://magicpin.in/Hyderabad/Jubilee-Hills/Restaurant/Autumn-Leaf-Cafe/store/871b6/photos,"No individually identifiable, reliably matched public photo found for this exact menu item."
Small Plates,Fried Chicken Tenders,Non-Veg,₹430,Breaded fried chicken tenders.,Photo not found,,https://magicpin.in/Hyderabad/Jubilee-Hills/Restaurant/Autumn-Leaf-Cafe/store/871b6/photos,"No individually identifiable, reliably matched public photo found for this exact menu item."
Small Plates,Smoked Chicken Kabab,Non-Veg,₹490,Smoked chicken kebab.,Photo not found,,https://magicpin.in/Hyderabad/Jubilee-Hills/Restaurant/Autumn-Leaf-Cafe/store/871b6/photos,"No individually identifiable, reliably matched public photo found for this exact menu item."
Small Plates,Veg Tempura,Veg,₹410,Crispy tempura vegetables.,Photo not found,,https://magicpin.in/Hyderabad/Jubilee-Hills/Restaurant/Autumn-Leaf-Cafe/store/871b6/photos,"No individually identifiable, reliably matched public photo found for this exact menu item."
Soups,Tuscon Ferro Soup,Veg,₹370,Soup listed under this menu name.,Photo not found,,https://magicpin.in/Hyderabad/Jubilee-Hills/Restaurant/Autumn-Leaf-Cafe/store/871b6/photos,"No individually identifiable, reliably matched public photo found for this exact menu item."
Soups,Chicken Clear Soup,Non-Veg,₹400,Clear chicken soup.,Photo not found,,https://magicpin.in/Hyderabad/Jubilee-Hills/Restaurant/Autumn-Leaf-Cafe/store/871b6/photos,"No individually identifiable, reliably matched public photo found for this exact menu item."
Soups,Hungarian Mushroom Soup,Veg,₹380,Hungarian-style mushroom soup.,Photo not found,,https://magicpin.in/Hyderabad/Jubilee-Hills/Restaurant/Autumn-Leaf-Cafe/store/871b6/photos,"No individually identifiable, reliably matched public photo found for this exact menu item."
Soups,Tomato & Basil Soup,Veg,₹350,Tomato soup with basil.,Photo not found,,https://magicpin.in/Hyderabad/Jubilee-Hills/Restaurant/Autumn-Leaf-Cafe/store/871b6/photos,"No individually identifiable, reliably matched public photo found for this exact menu item."
Breakfast,Apple Cinnamon Stuffed French Toast,Egg,₹370,French toast stuffed/flavored with apple and cinnamon.,Photo not found,,https://magicpin.in/Hyderabad/Jubilee-Hills/Restaurant/Autumn-Leaf-Cafe/store/871b6/photos,"No individually identifiable, reliably matched public photo found for this exact menu item."
Breakfast,Fruit Bowl,Veg,₹270,Assorted fresh fruit.,Photo not found,,https://magicpin.in/Hyderabad/Jubilee-Hills/Restaurant/Autumn-Leaf-Cafe/store/871b6/photos,"No individually identifiable, reliably matched public photo found for this exact menu item."
Breakfast,Omelette,Egg,₹170,Egg omelette.,Photo not found,,https://magicpin.in/Hyderabad/Jubilee-Hills/Restaurant/Autumn-Leaf-Cafe/store/871b6/photos,"No individually identifiable, reliably matched public photo found for this exact menu item."
Sandwiches,Grilled Cheese Sandwich,Veg,₹420,Grilled cheese sandwich.,Photo not found,,https://magicpin.in/Hyderabad/Jubilee-Hills/Restaurant/Autumn-Leaf-Cafe/store/871b6/photos,"No individually identifiable, reliably matched public photo found for this exact menu item."
Sandwiches,Basil Pesto Veg Medley Sandwich,Veg,₹440,Vegetable sandwich with basil pesto.,Probable match,,https://magicpin.in/Hyderabad/Jubilee-Hills/Restaurant/Autumn-Leaf-Cafe/store/871b6/photos,"Food-gallery image appears to show a grilled sandwich with visible green pesto; the public gallery does not label this individual photo, so it is not treated as an exact verified match."
Sandwiches,Spinach & Corn Cheese Sandwich,Veg,₹400,"Spinach, corn and cheese sandwich.",Photo not found,,https://magicpin.in/Hyderabad/Jubilee-Hills/Restaurant/Autumn-Leaf-Cafe/store/871b6/photos,"No individually identifiable, reliably matched public photo found for this exact menu item."
Sandwiches,Grilled Chicken Sandwich,Non-Veg,₹440,Grilled chicken sandwich.,Photo not found,,https://magicpin.in/Hyderabad/Jubilee-Hills/Restaurant/Autumn-Leaf-Cafe/store/871b6/photos,"No individually identifiable, reliably matched public photo found for this exact menu item."
Sandwiches,Basil Pesto Non-Veg Medley,Non-Veg,₹490,Non-vegetarian sandwich with basil pesto.,Photo not found,,https://magicpin.in/Hyderabad/Jubilee-Hills/Restaurant/Autumn-Leaf-Cafe/store/871b6/photos,"No individually identifiable, reliably matched public photo found for this exact menu item."
Sandwiches,Paneer Tikka Sandwich,Veg,₹420,Paneer tikka sandwich.,Photo not found,,https://magicpin.in/Hyderabad/Jubilee-Hills/Restaurant/Autumn-Leaf-Cafe/store/871b6/photos,"No individually identifiable, reliably matched public photo found for this exact menu item."
Sandwiches,Smoked Chicken Sandwich,Non-Veg,₹490,Smoked chicken sandwich.,Photo not found,,https://magicpin.in/Hyderabad/Jubilee-Hills/Restaurant/Autumn-Leaf-Cafe/store/871b6/photos,"No individually identifiable, reliably matched public photo found for this exact menu item."
Burgers,Jamaican Jerk Chicken Burger,Non-Veg,₹490,Chicken burger with Jamaican jerk seasoning.,Photo not found,,https://magicpin.in/Hyderabad/Jubilee-Hills/Restaurant/Autumn-Leaf-Cafe/store/871b6/photos,"No individually identifiable, reliably matched public photo found for this exact menu item."
Burgers,Chicken Cheese Burger,Non-Veg,₹510,Chicken burger with cheese.,Photo not found,,https://magicpin.in/Hyderabad/Jubilee-Hills/Restaurant/Autumn-Leaf-Cafe/store/871b6/photos,"No individually identifiable, reliably matched public photo found for this exact menu item."
Burgers,Classic Lamb Burger,Non-Veg,₹550,Lamb burger.,Photo not found,,https://magicpin.in/Hyderabad/Jubilee-Hills/Restaurant/Autumn-Leaf-Cafe/store/871b6/photos,"No individually identifiable, reliably matched public photo found for this exact menu item."
Burgers,Crispy Chicken Burger,Non-Veg,₹490,Crispy chicken burger.,Photo not found,,https://magicpin.in/Hyderabad/Jubilee-Hills/Restaurant/Autumn-Leaf-Cafe/store/871b6/photos,"No individually identifiable, reliably matched public photo found for this exact menu item."
Burgers,Crispy Fish Burger,Non-Veg,₹490,Crispy fish burger.,Photo not found,,https://magicpin.in/Hyderabad/Jubilee-Hills/Restaurant/Autumn-Leaf-Cafe/store/871b6/photos,"No individually identifiable, reliably matched public photo found for this exact menu item."
Pasta & Risotto,Mushroom Alfredo,Veg,₹450,Creamy Alfredo pasta with mushrooms.,Photo not found,,https://magicpin.in/Hyderabad/Jubilee-Hills/Restaurant/Autumn-Leaf-Cafe/store/871b6/photos,"No individually identifiable, reliably matched public photo found for this exact menu item."
Pasta & Risotto,Aglio-e-olio,Veg,₹420,Pasta with garlic and olive oil.,Photo not found,,https://magicpin.in/Hyderabad/Jubilee-Hills/Restaurant/Autumn-Leaf-Cafe/store/871b6/photos,"No individually identifiable, reliably matched public photo found for this exact menu item."
Pasta & Risotto,Basil Pesto Pasta,Veg,₹470,Pasta with basil pesto.,Photo not found,,https://magicpin.in/Hyderabad/Jubilee-Hills/Restaurant/Autumn-Leaf-Cafe/store/871b6/photos,"No individually identifiable, reliably matched public photo found for this exact menu item."
Pasta & Risotto,Classic Pulled Chicken Sundried Tomato Risotto,Non-Veg,₹580,Risotto with pulled chicken and sundried tomato.,Photo not found,,https://magicpin.in/Hyderabad/Jubilee-Hills/Restaurant/Autumn-Leaf-Cafe/store/871b6/photos,"No individually identifiable, reliably matched public photo found for this exact menu item."
Pasta & Risotto,Creamy Saffron Shrimps Risotto,Non-Veg,₹610,Creamy saffron risotto with shrimp.,Photo not found,,https://magicpin.in/Hyderabad/Jubilee-Hills/Restaurant/Autumn-Leaf-Cafe/store/871b6/photos,"No individually identifiable, reliably matched public photo found for this exact menu item."
Pasta & Risotto,Mac & Cheese,Veg,₹490,Macaroni with cheese sauce.,Photo not found,,https://magicpin.in/Hyderabad/Jubilee-Hills/Restaurant/Autumn-Leaf-Cafe/store/871b6/photos,"No individually identifiable, reliably matched public photo found for this exact menu item."
Pasta & Risotto,Truffle Mushroom Risotto,Veg,₹560,Risotto with truffle and mushrooms.,Photo not found,,https://magicpin.in/Hyderabad/Jubilee-Hills/Restaurant/Autumn-Leaf-Cafe/store/871b6/photos,"No individually identifiable, reliably matched public photo found for this exact menu item."
Pasta & Risotto,Peri-Peri Chicken Pasta,Non-Veg,₹540,Pasta with peri-peri chicken.,Photo not found,,https://magicpin.in/Hyderabad/Jubilee-Hills/Restaurant/Autumn-Leaf-Cafe/store/871b6/photos,"No individually identifiable, reliably matched public photo found for this exact menu item."
Ice Teas,Lemon Ice Tea,Veg,₹270,Lemon iced tea.,Photo not found,,https://magicpin.in/Hyderabad/Jubilee-Hills/Restaurant/Autumn-Leaf-Cafe/store/871b6/photos,"No individually identifiable, reliably matched public photo found for this exact menu item."
Ice Teas,Peach Ice Tea,Veg,₹270,Peach iced tea.,Photo not found,,https://magicpin.in/Hyderabad/Jubilee-Hills/Restaurant/Autumn-Leaf-Cafe/store/871b6/photos,"No individually identifiable, reliably matched public photo found for this exact menu item."
Ice Teas,Red Grape Ice Tea,Veg,₹270,Red grape iced tea.,Photo not found,,https://magicpin.in/Hyderabad/Jubilee-Hills/Restaurant/Autumn-Leaf-Cafe/store/871b6/photos,"No individually identifiable, reliably matched public photo found for this exact menu item."
Ice Teas,Matcha Ice Tea,Veg,₹290,Iced matcha tea.,Photo not found,,https://magicpin.in/Hyderabad/Jubilee-Hills/Restaurant/Autumn-Leaf-Cafe/store/871b6/photos,"No individually identifiable, reliably matched public photo found for this exact menu item."
Ice Teas,Taro Ice Tea,Veg,₹270,Taro iced tea.,Photo not found,,https://magicpin.in/Hyderabad/Jubilee-Hills/Restaurant/Autumn-Leaf-Cafe/store/871b6/photos,"No individually identifiable, reliably matched public photo found for this exact menu item."
Cold Coffees,Cold Coffee,Veg,₹280,Chilled coffee.,Photo not found,,https://magicpin.in/Hyderabad/Jubilee-Hills/Restaurant/Autumn-Leaf-Cafe/store/871b6/photos,"No individually identifiable, reliably matched public photo found for this exact menu item."
Cold Coffees,Hot Buttered Toffee Coffee,Veg,₹290,Coffee with buttered toffee flavor.,Photo not found,,https://magicpin.in/Hyderabad/Jubilee-Hills/Restaurant/Autumn-Leaf-Cafe/store/871b6/photos,"No individually identifiable, reliably matched public photo found for this exact menu item."
Cold Coffees,Chilled Black Coffee,Veg,₹230,Chilled black coffee.,Photo not found,,https://magicpin.in/Hyderabad/Jubilee-Hills/Restaurant/Autumn-Leaf-Cafe/store/871b6/photos,"No individually identifiable, reliably matched public photo found for this exact menu item."
Cold Coffees,2-Milk Cold Coffee,Veg,₹270,Cold coffee prepared with two types of milk.,Photo not found,,https://magicpin.in/Hyderabad/Jubilee-Hills/Restaurant/Autumn-Leaf-Cafe/store/871b6/photos,"No individually identifiable, reliably matched public photo found for this exact menu item."
Cold Coffees,Iced Latte,Veg,₹320,Iced latte.,Photo not found,,https://magicpin.in/Hyderabad/Jubilee-Hills/Restaurant/Autumn-Leaf-Cafe/store/871b6/photos,"No individually identifiable, reliably matched public photo found for this exact menu item."
Cold Coffees,Iced Mocha,Veg,₹340,Iced mocha.,Photo not found,,https://magicpin.in/Hyderabad/Jubilee-Hills/Restaurant/Autumn-Leaf-Cafe/store/871b6/photos,"No individually identifiable, reliably matched public photo found for this exact menu item."
Milkshakes,Chocolate Milkshake,Veg,₹290,Chocolate milkshake.,Photo not found,,https://magicpin.in/Hyderabad/Jubilee-Hills/Restaurant/Autumn-Leaf-Cafe/store/871b6/photos,"No individually identifiable, reliably matched public photo found for this exact menu item."
Milkshakes,Strawberry Milkshake,Veg,₹290,Strawberry milkshake.,Photo not found,,https://magicpin.in/Hyderabad/Jubilee-Hills/Restaurant/Autumn-Leaf-Cafe/store/871b6/photos,"No individually identifiable, reliably matched public photo found for this exact menu item."
Milkshakes,Coffee Brownie Shake,Veg,₹350,Coffee and brownie milkshake.,Photo not found,,https://magicpin.in/Hyderabad/Jubilee-Hills/Restaurant/Autumn-Leaf-Cafe/store/871b6/photos,"No individually identifiable, reliably matched public photo found for this exact menu item."
Milkshakes,Oreo Shake,Veg,₹290,Oreo milkshake.,Photo not found,,https://magicpin.in/Hyderabad/Jubilee-Hills/Restaurant/Autumn-Leaf-Cafe/store/871b6/photos,"No individually identifiable, reliably matched public photo found for this exact menu item."
Smoothies & Coolers,"Otto — Watermelon, Basil & Lime",Veg,₹270,"Watermelon, basil and lime cooler.",Photo not found,,https://magicpin.in/Hyderabad/Jubilee-Hills/Restaurant/Autumn-Leaf-Cafe/store/871b6/photos,"No individually identifiable, reliably matched public photo found for this exact menu item."
Teas,Apple Cinnamon Green Tea,Veg,₹230,Green tea with apple and cinnamon.,Photo not found,,https://magicpin.in/Hyderabad/Jubilee-Hills/Restaurant/Autumn-Leaf-Cafe/store/871b6/photos,"No individually identifiable, reliably matched public photo found for this exact menu item."
Teas,Peach Oolong Tea,Veg,₹230,Peach-flavored oolong tea.,Photo not found,,https://magicpin.in/Hyderabad/Jubilee-Hills/Restaurant/Autumn-Leaf-Cafe/store/871b6/photos,"No individually identifiable, reliably matched public photo found for this exact menu item."
Teas,Lavender Green Tea,Veg,₹230,Green tea with lavender.,Photo not found,,https://magicpin.in/Hyderabad/Jubilee-Hills/Restaurant/Autumn-Leaf-Cafe/store/871b6/photos,"No individually identifiable, reliably matched public photo found for this exact menu item."
Teas,Jasmine Tea,Veg,₹230,Jasmine tea.,Photo not found,,https://magicpin.in/Hyderabad/Jubilee-Hills/Restaurant/Autumn-Leaf-Cafe/store/871b6/photos,"No individually identifiable, reliably matched public photo found for this exact menu item."
Teas,Chamomile Green Tea,Veg,₹230,Chamomile green tea.,Photo not found,,https://magicpin.in/Hyderabad/Jubilee-Hills/Restaurant/Autumn-Leaf-Cafe/store/871b6/photos,"No individually identifiable, reliably matched public photo found for this exact menu item."
Teas,Hibiscus Green Tea,Veg,₹230,Hibiscus green tea.,Photo not found,,https://magicpin.in/Hyderabad/Jubilee-Hills/Restaurant/Autumn-Leaf-Cafe/store/871b6/photos,"No individually identifiable, reliably matched public photo found for this exact menu item."
